{"cameraMode":{"drawMode":0,"name":"Shaded","section":"Shading Mode"},"sceneLighting":true,"audioPlay":false,"sceneViewState":{"m_AlwaysRefresh":false,"showFog":true,"showSkybox":true,"showFlares":true,"showImageEffects":true,"showParticleSystems":true,"showVisualEffectGraphs":true,"m_FxEnabled":true},"in2DMode":false,"pivot":{"x":1082.3114013671875,"y":468.3269958496094,"z":-183.6041259765625},"rotation":{"x":-0.025187082588672639,"y":-0.0015049491776153446,"z":-0.00003805758024100214,"w":0.9996814131736755},"size":591.7176513671875,"orthographic":false}